ds,trend,yhat_lower,yhat_upper,trend_lower,trend_upper,additive_terms,additive_terms_lower,additive_terms_upper,yearly,yearly_lower,yearly_upper,multiplicative_terms,multiplicative_terms_lower,multiplicative_terms_upper,yhat
2010-02-05,1054201.8561328,363246.1419393362,1775646.617450296,1054201.8561328,1054201.8561328,14915.244420664261,14915.244420664261,14915.244420664261,14915.244420664261,14915.244420664261,14915.244420664261,0.0,0.0,0.0,1069117.1005534641
2010-02-12,1053887.19636932,382856.76235589874,1732406.6992662298,1053887.19636932,1053887.19636932,29872.435110985363,29872.435110985363,29872.435110985363,29872.435110985363,29872.435110985363,29872.435110985363,0.0,0.0,0.0,1083759.6314803052
2010-02-19,1053572.5366058399,310333.0910912802,1733438.948908104,1053572.5366058399,1053572.5366058399,-923.7197602836297,-923.7197602836297,-923.7197602836297,-923.7197602836297,-923.7197602836297,-923.7197602836297,0.0,0.0,0.0,1052648.8168455563
2010-02-26,1053257.87684236,280036.3822315478,1740087.1664652182,1053257.87684236,1053257.87684236,-27597.75152645898,-27597.75152645898,-27597.75152645898,-27597.75152645898,-27597.75152645898,-27597.75152645898,0.0,0.0,0.0,1025660.125315901
2010-03-05,1052943.21707888,293226.1857043583,1757886.7629559322,1052943.21707888,1052943.21707888,-33408.49804036792,-33408.49804036792,-33408.49804036792,-33408.49804036792,-33408.49804036792,-33408.49804036792,0.0,0.0,0.0,1019534.719038512
2010-03-12,1052628.556585501,375145.1890412783,1720501.283850079,1052628.556585501,1052628.556585501,-34622.31822713239,-34622.31822713239,-34622.31822713239,-34622.31822713239,-34622.31822713239,-34622.31822713239,0.0,0.0,0.0,1018006.2383583685
2010-03-19,1052313.8960921222,283463.61378839525,1683957.2260466502,1052313.8960921222,1052313.8960921222,-42464.92914509591,-42464.92914509591,-42464.92914509591,-42464.92914509591,-42464.92914509591,-42464.92914509591,0.0,0.0,0.0,1009848.9669470263
2010-03-26,1051999.2355987434,256911.04393340566,1757990.9011327035,1051999.2355987434,1051999.2355987434,-45079.90233856707,-45079.90233856707,-45079.90233856707,-45079.90233856707,-45079.90233856707,-45079.90233856707,0.0,0.0,0.0,1006919.3332601764
2010-04-02,1051684.5751053644,319499.02697305154,1709792.4339237106,1051684.5751053644,1051684.5751053644,-29713.35869197144,-29713.35869197144,-29713.35869197144,-29713.35869197144,-29713.35869197144,-29713.35869197144,0.0,0.0,0.0,1021971.216413393
2010-04-09,1051369.9146119854,347827.1300354154,1807331.2371238957,1051369.9146119854,1051369.9146119854,-8094.822737964472,-8094.822737964472,-8094.822737964472,-8094.822737964472,-8094.822737964472,-8094.822737964472,0.0,0.0,0.0,1043275.091874021
2010-04-16,1051055.2531832678,324705.1423276617,1763420.9681647106,1051055.2531832678,1051055.2531832678,-6257.345347997758,-6257.345347997758,-6257.345347997758,-6257.345347997758,-6257.345347997758,-6257.345347997758,0.0,0.0,0.0,1044797.90783527
2010-04-23,1050740.5917545499,300907.26417525334,1738402.6711906109,1050740.5917545499,1050740.5917545499,-30921.040954164506,-30921.040954164506,-30921.040954164506,-30921.040954164506,-30921.040954164506,-30921.040954164506,0.0,0.0,0.0,1019819.5508003854
2010-04-30,1050425.9303258322,218310.2145324602,1726468.5911571013,1050425.9303258322,1050425.9303258322,-57575.43171331775,-57575.43171331775,-57575.43171331775,-57575.43171331775,-57575.43171331775,-57575.43171331775,0.0,0.0,0.0,992850.4986125145
2010-05-07,1050111.2688971146,266808.4618283411,1734687.9287920457,1050111.2688971146,1050111.2688971146,-57488.17808749107,-57488.17808749107,-57488.17808749107,-57488.17808749107,-57488.17808749107,-57488.17808749107,0.0,0.0,0.0,992623.0908096235
2010-05-14,1049796.6101381776,319218.3545138639,1765176.428258827,1049796.6101381776,1049796.6101381776,-30331.492590979477,-30331.492590979477,-30331.492590979477,-30331.492590979477,-30331.492590979477,-30331.492590979477,0.0,0.0,0.0,1019465.1175471982
2010-05-21,1049481.9513792407,335706.1979577358,1736593.2755138269,1049481.9513792407,1049481.9513792407,-2263.6092841318587,-2263.6092841318587,-2263.6092841318587,-2263.6092841318587,-2263.6092841318587,-2263.6092841318587,0.0,0.0,0.0,1047218.3420951088
2010-05-28,1049167.2926203038,323776.3619267969,1799136.6054344722,1049167.2926203038,1049167.2926203038,6295.195532072629,6295.195532072629,6295.195532072629,6295.195532072629,6295.195532072629,6295.195532072629,0.0,0.0,0.0,1055462.4881523764
2010-06-04,1048852.6338613671,338067.4535401,1712246.971908418,1048852.6338613671,1048852.6338613671,1840.0256769497905,1840.0256769497905,1840.0256769497905,1840.0256769497905,1840.0256769497905,1840.0256769497905,0.0,0.0,0.0,1050692.659538317
2010-06-11,1048537.9751024304,284818.52415417525,1775366.4119778776,1048537.9751024304,1048537.9751024304,3459.6051583666963,3459.6051583666963,3459.6051583666963,3459.6051583666963,3459.6051583666963,3459.6051583666963,0.0,0.0,0.0,1051997.5802607972
2010-06-18,1048223.3168686355,377406.29057647317,1774833.4620075726,1048223.3168686355,1048223.3168686355,14974.722024340406,14974.722024340406,14974.722024340406,14974.722024340406,14974.722024340406,14974.722024340406,0.0,0.0,0.0,1063198.0388929758
2010-06-25,1047908.6586348406,409374.96685382846,1824790.484972482,1047908.6586348406,1047908.6586348406,20538.730967088057,20538.730967088057,20538.730967088057,20538.730967088057,20538.730967088057,20538.730967088057,0.0,0.0,0.0,1068447.3896019286
2010-07-02,1047594.0004010457,371745.4441865624,1793184.182147019,1047594.0004010457,1047594.0004010457,7261.7601718354435,7261.7601718354435,7261.7601718354435,7261.7601718354435,7261.7601718354435,7261.7601718354435,0.0,0.0,0.0,1054855.7605728812
2010-07-09,1047279.3421672507,333032.5983245125,1772359.610834077,1047279.3421672507,1047279.3421672507,-17013.784366809654,-17013.784366809654,-17013.784366809654,-17013.784366809654,-17013.784366809654,-17013.784366809654,0.0,0.0,0.0,1030265.557800441
2010-07-16,1046964.6912873854,310448.6212720783,1769448.17381001,1046964.6912873854,1046964.6912873854,-33772.2501148947,-33772.2501148947,-33772.2501148947,-33772.2501148947,-33772.2501148947,-33772.2501148947,0.0,0.0,0.0,1013192.4411724907
2010-07-23,1046650.04040752,285144.5478930895,1742195.148536236,1046650.04040752,1046650.04040752,-36094.08183277971,-36094.08183277971,-36094.08183277971,-36094.08183277971,-36094.08183277971,-36094.08183277971,0.0,0.0,0.0,1010555.9585747403
2010-07-30,1046335.3895276547,274303.7323390454,1715372.1189661126,1046335.3895276547,1046335.3895276547,-32563.960910531387,-32563.960910531387,-32563.960910531387,-32563.960910531387,-32563.960910531387,-32563.960910531387,0.0,0.0,0.0,1013771.4286171234
2010-08-06,1046020.7386477893,265139.9862060235,1734164.3888774228,1046020.7386477893,1046020.7386477893,-30063.252055017147,-30063.252055017147,-30063.252055017147,-30063.252055017147,-30063.252055017147,-30063.252055017147,0.0,0.0,0.0,1015957.4865927722
2010-08-13,1045706.087767924,327388.9839932105,1724868.4257118076,1045706.087767924,1045706.087767924,-23080.9116744377,-23080.9116744377,-23080.9116744377,-23080.9116744377,-23080.9116744377,-23080.9116744377,0.0,0.0,0.0,1022625.1760934863
2010-08-20,1045391.441007265,301632.88368318,1761876.1075081972,1045391.441007265,1045391.441007265,-6829.550256323424,-6829.550256323424,-6829.550256323424,-6829.550256323424,-6829.550256323424,-6829.550256323424,0.0,0.0,0.0,1038561.8907509416
2010-08-27,1045076.794246606,307101.19147228263,1773168.542229227,1045076.794246606,1045076.794246606,5492.524064965487,5492.524064965487,5492.524064965487,5492.524064965487,5492.524064965487,5492.524064965487,0.0,0.0,0.0,1050569.3183115714
2010-09-03,1044762.147485947,311102.3218925181,1743171.1581087043,1044762.147485947,1044762.147485947,-8733.464804578645,-8733.464804578645,-8733.464804578645,-8733.464804578645,-8733.464804578645,-8733.464804578645,0.0,0.0,0.0,1036028.6826813683
2010-09-10,1044447.500725288,271344.205831884,1687740.178091066,1044447.500725288,1044447.500725288,-51849.79380143359,-51849.79380143359,-51849.79380143359,-51849.79380143359,-51849.79380143359,-51849.79380143359,0.0,0.0,0.0,992597.7069238543
2010-09-17,1044132.8539646289,199316.44291254008,1682364.9013788605,1044132.8539646289,1044132.8539646289,-93969.22643422551,-93969.22643422551,-93969.22643422551,-93969.22643422551,-93969.22643422551,-93969.22643422551,0.0,0.0,0.0,950163.6275304034
2010-09-24,1043878.4547814445,227765.82785216672,1639151.0085358247,1043878.4547814445,1043878.4547814445,-101059.27322156943,-101059.27322156943,-101059.27322156943,-101059.27322156943,-101059.27322156943,-101059.27322156943,0.0,0.0,0.0,942819.1815598751
2010-10-01,1043624.0555982601,199408.6197657325,1652629.683150605,1043624.0555982601,1043624.0555982601,-73752.1120811821,-73752.1120811821,-73752.1120811821,-73752.1120811821,-73752.1120811821,-73752.1120811821,0.0,0.0,0.0,969871.9435170781
2010-10-08,1043369.6564150758,305229.8386190698,1692690.240446439,1043369.6564150758,1043369.6564150758,-47976.59276434178,-47976.59276434178,-47976.59276434178,-47976.59276434178,-47976.59276434178,-47976.59276434178,0.0,0.0,0.0,995393.063650734
2010-10-15,1043115.2572318912,356722.1417541374,1802098.0933219376,1043115.2572318912,1043115.2572318912,-52157.29448490002,-52157.29448490002,-52157.29448490002,-52157.29448490002,-52157.29448490002,-52157.29448490002,0.0,0.0,0.0,990957.9627469911
2010-10-22,1043005.6879175194,265066.9404705356,1705953.881765897,1043005.6879175194,1043005.6879175194,-71487.34888467603,-71487.34888467603,-71487.34888467603,-71487.34888467603,-71487.34888467603,-71487.34888467603,0.0,0.0,0.0,971518.3390328434
2010-10-29,1042896.1186031474,300424.1983072478,1732510.5934522396,1042896.1186031474,1042896.1186031474,-64863.94608064117,-64863.94608064117,-64863.94608064117,-64863.94608064117,-64863.94608064117,-64863.94608064117,0.0,0.0,0.0,978032.1725225063
2010-11-05,1042786.5492887759,326619.4849212665,1666040.5458319327,1042786.5492887759,1042786.5492887759,-15351.649051254286,-15351.649051254286,-15351.649051254286,-15351.649051254286,-15351.649051254286,-15351.649051254286,0.0,0.0,0.0,1027434.9002375216
2010-11-12,1042676.9799744041,381177.8248690382,1843017.7513849544,1042676.9799744041,1042676.9799744041,49519.79270213201,49519.79270213201,49519.79270213201,49519.79270213201,49519.79270213201,49519.79270213201,0.0,0.0,0.0,1092196.772676536
2010-11-19,1042567.4106600322,389799.40269629,1854013.9479177126,1042567.4106600322,1042567.4106600322,95534.27984069785,95534.27984069785,95534.27984069785,95534.27984069785,95534.27984069785,95534.27984069785,0.0,0.0,0.0,1138101.69050073
2010-11-26,1042607.1630116403,464511.63420360535,1940850.2379357957,1042607.1630116403,1042607.1630116403,129891.70017622963,129891.70017622963,129891.70017622963,129891.70017622963,129891.70017622963,129891.70017622963,0.0,0.0,0.0,1172498.86318787
2010-12-03,1042646.9153632483,536641.1672323889,1946391.1978026954,1042646.9153632483,1042646.9153632483,192735.25069943935,192735.25069943935,192735.25069943935,192735.25069943935,192735.25069943935,192735.25069943935,0.0,0.0,0.0,1235382.1660626878
2010-12-10,1042686.6677148563,604906.4309543042,2075123.1442538493,1042686.6677148563,1042686.6677148563,293674.69429994636,293674.69429994636,293674.69429994636,293674.69429994636,293674.69429994636,293674.69429994636,0.0,0.0,0.0,1336361.3620148026
2010-12-17,1042726.4200664643,706202.4538324864,2064357.408276726,1042726.4200664643,1042726.4200664643,370677.8743605235,370677.8743605235,370677.8743605235,370677.8743605235,370677.8743605235,370677.8743605235,0.0,0.0,0.0,1413404.2944269879
2010-12-24,1042849.4940050388,692993.9794875629,2077267.557546759,1042849.4940050388,1042849.4940050388,334009.488138313,334009.488138313,334009.488138313,334009.488138313,334009.488138313,334009.488138313,0.0,0.0,0.0,1376858.9821433518
2010-12-31,1042972.567943613,500583.4388192089,1894109.0190101557,1042972.567943613,1042972.567943613,160663.65531458062,160663.65531458062,160663.65531458062,160663.65531458062,160663.65531458062,160663.65531458062,0.0,0.0,0.0,1203636.2232581936
2011-01-07,1043095.6418821875,265348.9751832778,1657965.0436655353,1043095.6418821875,1043095.6418821875,-62826.58109008254,-62826.58109008254,-62826.58109008254,-62826.58109008254,-62826.58109008254,-62826.58109008254,0.0,0.0,0.0,980269.0607921049
2011-01-14,1043218.7158207619,146180.88832290887,1516910.3350692596,1043218.7158207619,1043218.7158207619,-204379.60258105738,-204379.60258105738,-204379.60258105738,-204379.60258105738,-204379.60258105738,-204379.60258105738,0.0,0.0,0.0,838839.1132397045
2011-01-21,1043341.7897593362,115593.31675243132,1511873.915603942,1043341.7897593362,1043341.7897593362,-198321.34459466144,-198321.34459466144,-198321.34459466144,-198321.34459466144,-198321.34459466144,-198321.34459466144,0.0,0.0,0.0,845020.4451646747
2011-01-28,1043527.1846607747,272581.2916809417,1641834.4750731168,1043527.1846607747,1043527.1846607747,-93707.30551117347,-93707.30551117347,-93707.30551117347,-93707.30551117347,-93707.30551117347,-93707.30551117347,0.0,0.0,0.0,949819.8791496012
2011-02-04,1043712.5795622128,323872.7214550924,1818007.6420234435,1043712.5795622128,1043712.5795622128,4296.6564222358265,4296.6564222358265,4296.6564222358265,4296.6564222358265,4296.6564222358265,4296.6564222358265,0.0,0.0,0.0,1048009.2359844486
2011-02-11,1043897.9744636513,331715.70524195913,1791294.6526641638,1043897.9744636513,1043897.9744636513,32059.248562539935,32059.248562539935,32059.248562539935,32059.248562539935,32059.248562539935,32059.248562539935,0.0,0.0,0.0,1075957.2230261914
2011-02-18,1044083.3693650897,348537.86610330566,1750171.5068000455,1044083.3693650897,1044083.3693650897,5475.262979469653,5475.262979469653,5475.262979469653,5475.262979469653,5475.262979469653,5475.262979469653,0.0,0.0,0.0,1049558.6323445593
2011-02-25,1044303.1168471265,301844.0895433088,1732517.7392800536,1044303.1168471265,1044303.1168471265,-24485.429263424885,-24485.429263424885,-24485.429263424885,-24485.429263424885,-24485.429263424885,-24485.429263424885,0.0,0.0,0.0,1019817.6875837017
2011-03-04,1044522.8643291631,272427.9971895377,1702486.602304116,1044522.8643291631,1044522.8643291631,-33341.43626274142,-33341.43626274142,-33341.43626274142,-33341.43626274142,-33341.43626274142,-33341.43626274142,0.0,0.0,0.0,1011181.4280664216
2011-03-11,1044742.6118111998,336905.7658913893,1743744.389987027,1044742.6118111998,1044742.6118111998,-33919.06596729089,-33919.06596729089,-33919.06596729089,-33919.06596729089,-33919.06596729089,-33919.06596729089,0.0,0.0,0.0,1010823.5458439089
2011-03-18,1044962.3592932364,291981.6284420348,1709523.2557225116,1044962.3592932364,1044962.3592932364,-40891.792813475615,-40891.792813475615,-40891.792813475615,-40891.792813475615,-40891.792813475615,-40891.792813475615,0.0,0.0,0.0,1004070.5664797608
2011-03-25,1045182.106775273,312916.97079160344,1716872.8340904778,1045182.106775273,1045182.106775273,-45811.5504255242,-45811.5504255242,-45811.5504255242,-45811.5504255242,-45811.5504255242,-45811.5504255242,0.0,0.0,0.0,999370.5563497487
2011-04-01,1045428.1994020205,312134.9281478446,1743083.7321691667,1045428.1994020205,1045428.1994020205,-33612.04928244652,-33612.04928244652,-33612.04928244652,-33612.04928244652,-33612.04928244652,-33612.04928244652,0.0,0.0,0.0,1011816.150119574
2011-04-08,1045674.2920287678,297500.9951225173,1767023.022581543,1045674.2920287678,1045674.2920287678,-11190.19830244166,-11190.19830244166,-11190.19830244166,-11190.19830244166,-11190.19830244166,-11190.19830244166,0.0,0.0,0.0,1034484.0937263261
2011-04-15,1045920.3846555151,318582.91104726837,1797785.723929833,1045920.3846555151,1045920.3846555151,-4376.887106779695,-4376.887106779695,-4376.887106779695,-4376.887106779695,-4376.887106779695,-4376.887106779695,0.0,0.0,0.0,1041543.4975487354
2011-04-22,1046166.4772822626,317927.4284845367,1703891.2477618516,1046166.4772822626,1046166.4772822626,-25376.718258295285,-25376.718258295285,-25376.718258295285,-25376.718258295285,-25376.718258295285,-25376.718258295285,0.0,0.0,0.0,1020789.7590239673
2011-04-29,1046412.56990901,289928.3218122803,1645865.0684205932,1046412.56990901,1046412.56990901,-54196.36459626855,-54196.36459626855,-54196.36459626855,-54196.36459626855,-54196.36459626855,-54196.36459626855,0.0,0.0,0.0,992216.2053127415
2011-05-06,1046725.3160942126,237687.89661296786,1694724.9269029102,1046725.3160942126,1046725.3160942126,-59958.104150750354,-59958.104150750354,-59958.104150750354,-59958.104150750354,-59958.104150750354,-59958.104150750354,0.0,0.0,0.0,986767.2119434623
2011-05-13,1047038.0622794153,255334.1666313645,1704863.501691667,1047038.0622794153,1047038.0622794153,-36137.47531903558,-36137.47531903558,-36137.47531903558,-36137.47531903558,-36137.47531903558,-36137.47531903558,0.0,0.0,0.0,1010900.5869603797
2011-05-20,1047350.8084646178,298397.7980372957,1773750.8060790321,1047350.8084646178,1047350.8084646178,-6108.297121370076,-6108.297121370076,-6108.297121370076,-6108.297121370076,-6108.297121370076,-6108.297121370076,0.0,0.0,0.0,1041242.5113432477
2011-05-27,1047663.5546498206,352085.57763458014,1780527.13614783,1047663.5546498206,1047663.5546498206,6243.007404658651,6243.007404658651,6243.007404658651,6243.007404658651,6243.007404658651,6243.007404658651,0.0,0.0,0.0,1053906.5620544793
2011-06-03,1048003.1191472556,283774.39446554275,1728944.8681354327,1048003.1191472556,1048003.1191472556,2671.5149778445743,2671.5149778445743,2671.5149778445743,2671.5149778445743,2671.5149778445743,2671.5149778445743,0.0,0.0,0.0,1050674.6341251002
2011-06-10,1048342.6836446907,327496.7294956626,1755762.8838718098,1048342.6836446907,1048342.6836446907,2224.6751848602457,2224.6751848602457,2224.6751848602457,2224.6751848602457,2224.6751848602457,2224.6751848602457,0.0,0.0,0.0,1050567.358829551
2011-06-17,1048682.2481421258,355328.70889071585,1731700.9061231364,1048682.2481421258,1048682.2481421258,12772.536255600233,12772.536255600233,12772.536255600233,12772.536255600233,12772.536255600233,12772.536255600233,0.0,0.0,0.0,1061454.784397726
2011-06-24,1049021.812639561,375847.3976160944,1798323.696282135,1049021.812639561,1049021.812639561,20793.93933499645,20793.93933499645,20793.93933499645,20793.93933499645,20793.93933499645,20793.93933499645,0.0,0.0,0.0,1069815.7519745575
2011-07-01,1049361.377136996,346155.1889856243,1772280.2475619179,1049361.377136996,1049361.377136996,10936.497931679363,10936.497931679363,10936.497931679363,10936.497931679363,10936.497931679363,10936.497931679363,0.0,0.0,0.0,1060297.8750686755
2011-07-08,1049727.0868359464,308363.62130426895,1755334.0027772344,1049727.0868359464,1049727.0868359464,-12740.58369338618,-12740.58369338618,-12740.58369338618,-12740.58369338618,-12740.58369338618,-12740.58369338618,0.0,0.0,0.0,1036986.5031425603
2011-07-15,1050092.7965348966,320410.6991990671,1763357.4225129173,1050092.7965348966,1050092.7965348966,-31898.617540506635,-31898.617540506635,-31898.617540506635,-31898.617540506635,-31898.617540506635,-31898.617540506635,0.0,0.0,0.0,1018194.17899439
2011-07-22,1050458.506233847,300027.57151591446,1733644.0016599342,1050458.506233847,1050458.506233847,-36455.777112404765,-36455.777112404765,-36455.777112404765,-36455.777112404765,-36455.777112404765,-36455.777112404765,0.0,0.0,0.0,1014002.7291214422
2011-07-29,1050824.2159327972,294298.01481217245,1708177.8250976899,1050824.2159327972,1050824.2159327972,-33151.79595278716,-33151.79595278716,-33151.79595278716,-33151.79595278716,-33151.79595278716,-33151.79595278716,0.0,0.0,0.0,1017672.41998001
2011-08-05,1051193.3100636287,337059.9558964345,1742896.898246385,1051193.3100636287,1051193.3100636287,-30559.10263121629,-30559.10263121629,-30559.10263121629,-30559.10263121629,-30559.10263121629,-30559.10263121629,0.0,0.0,0.0,1020634.2074324124
2011-08-12,1051562.40419446,318311.9199160069,1744625.80808267,1051562.40419446,1051562.40419446,-25050.504762338474,-25050.504762338474,-25050.504762338474,-25050.504762338474,-25050.504762338474,-25050.504762338474,0.0,0.0,0.0,1026511.8994321215
2011-08-19,1051931.4983252916,398189.33037962596,1768058.0324131509,1051931.4983252916,1051931.4983252916,-10087.923549440538,-10087.923549440538,-10087.923549440538,-10087.923549440538,-10087.923549440538,-10087.923549440538,0.0,0.0,0.0,1041843.574775851
2011-08-26,1052300.5924561229,351836.7393140288,1800991.0596263085,1052300.5924561229,1052300.5924561229,4676.772786161874,4676.772786161874,4676.772786161874,4676.772786161874,4676.772786161874,4676.772786161874,0.0,0.0,0.0,1056977.3652422847
2011-09-02,1052669.6865869542,400950.7814989682,1769097.228988931,1052669.6865869542,1052669.6865869542,-3678.37437489595,-3678.37437489595,-3678.37437489595,-3678.37437489595,-3678.37437489595,-3678.37437489595,0.0,0.0,0.0,1048991.312212058
2011-09-09,1053038.8459016876,302483.4467457177,1725322.8505743677,1053038.8459016876,1053038.8459016876,-43053.66132382074,-43053.66132382074,-43053.66132382074,-43053.66132382074,-43053.66132382074,-43053.66132382074,0.0,0.0,0.0,1009985.1845778669
2011-09-16,1053408.005216421,271729.60684912757,1681251.0525586833,1053408.005216421,1053408.005216421,-88322.59298369203,-88322.59298369203,-88322.59298369203,-88322.59298369203,-88322.59298369203,-88322.59298369203,0.0,0.0,0.0,965085.412232729
2011-09-23,1053777.1645311546,200695.1503518463,1655242.350290695,1053777.1645311546,1053777.1645311546,-102944.72205973187,-102944.72205973187,-102944.72205973187,-102944.72205973187,-102944.72205973187,-102944.72205973187,0.0,0.0,0.0,950832.4424714227
2011-09-30,1054146.3238458878,312840.47120366985,1716657.2159243766,1054146.3238458878,1054146.3238458878,-79760.21446768973,-79760.21446768973,-79760.21446768973,-79760.21446768973,-79760.21446768973,-79760.21446768973,0.0,0.0,0.0,974386.109378198
2011-10-07,1054515.634539806,308630.8762526625,1708926.5733777848,1054515.634539806,1054515.634539806,-50723.29506404072,-50723.29506404072,-50723.29506404072,-50723.29506404072,-50723.29506404072,-50723.29506404072,0.0,0.0,0.0,1003792.3394757654
2011-10-14,1054884.9452337243,224610.69561292176,1674506.2812957715,1054884.9452337243,1054884.9452337243,-49273.41845800374,-49273.41845800374,-49273.41845800374,-49273.41845800374,-49273.41845800374,-49273.41845800374,0.0,0.0,0.0,1005611.5267757205
2011-10-21,1055254.2559276428,234304.30333777604,1685205.5220404922,1055254.2559276428,1055254.2559276428,-68784.16794216428,-68784.16794216428,-68784.16794216428,-68784.16794216428,-68784.16794216428,-68784.16794216428,0.0,0.0,0.0,986470.0879854786
2011-10-28,1055623.5666215613,241020.98611093895,1689914.1566803104,1055623.5666215613,1055623.5666215613,-69339.6799581676,-69339.6799581676,-69339.6799581676,-69339.6799581676,-69339.6799581676,-69339.6799581676,0.0,0.0,0.0,986283.8866633937
2011-11-04,1055992.8773154796,309617.166245806,1767482.9831326292,1055992.8773154796,1055992.8773154796,-26540.570182152205,-26540.570182152205,-26540.570182152205,-26540.570182152205,-26540.570182152205,-26540.570182152205,0.0,0.0,0.0,1029452.3071333274
2011-11-11,1056362.2000905923,348360.4580464342,1808905.6907339543,1056362.2000905923,1056362.2000905923,38692.46204097963,38692.46204097963,38692.46204097963,38692.46204097963,38692.46204097963,38692.46204097963,0.0,0.0,0.0,1095054.662131572
2011-11-18,1056731.5228657052,441960.7868113053,1793187.787252761,1056731.5228657052,1056731.5228657052,89068.69695222838,89068.69695222838,89068.69695222838,89068.69695222838,89068.69695222838,89068.69695222838,0.0,0.0,0.0,1145800.2198179336
2011-11-25,1057100.8456408181,506151.98686538235,1929265.4074432848,1057100.8456408181,1057100.8456408181,122844.32292687283,122844.32292687283,122844.32292687283,122844.32292687283,122844.32292687283,122844.32292687283,0.0,0.0,0.0,1179945.168567691
2011-12-02,1057470.1684159308,513322.1694922616,1925768.8395535806,1057470.1684159308,1057470.1684159308,178093.56335174962,178093.56335174962,178093.56335174962,178093.56335174962,178093.56335174962,178093.56335174962,0.0,0.0,0.0,1235563.7317676805
2011-12-09,1057839.4911910438,626111.5182713182,2062343.056577335,1057839.4911910438,1057839.4911910438,274760.3642778816,274760.3642778816,274760.3642778816,274760.3642778816,274760.3642778816,274760.3642778816,0.0,0.0,0.0,1332599.8554689253
2011-12-16,1058208.8137642439,744891.3600213844,2178360.7303043604,1058208.8137642439,1058208.8137642439,363021.8802487193,363021.8802487193,363021.8802487193,363021.8802487193,363021.8802487193,363021.8802487193,0.0,0.0,0.0,1421230.6940129632
2011-12-23,1058578.1363374437,701217.6000714462,2117170.2837593947,1058578.1363374437,1058578.1363374437,351395.233798782,351395.233798782,351395.233798782,351395.233798782,351395.233798782,351395.233798782,0.0,0.0,0.0,1409973.3701362256
2011-12-30,1058947.4589106438,531348.4968568248,1986476.3503080525,1058947.4589106438,1058947.4589106438,199017.18747656932,199017.18747656932,199017.18747656932,199017.18747656932,199017.18747656932,199017.18747656932,0.0,0.0,0.0,1257964.6463872131
2012-01-06,1059316.781483844,288586.62497428386,1716528.1416895064,1059316.781483844,1059316.781483844,-25396.909519817287,-25396.909519817287,-25396.909519817287,-25396.909519817287,-25396.909519817287,-25396.909519817287,0.0,0.0,0.0,1033919.8719640266
2012-01-13,1059686.1137372258,138269.65883543508,1604679.8977542543,1059686.1137372258,1059686.1137372258,-189571.21118188658,-189571.21118188658,-189571.21118188658,-189571.21118188658,-189571.21118188658,-189571.21118188658,0.0,0.0,0.0,870114.9025553392
2012-01-20,1060055.4459906078,114767.07080545739,1574235.7321900858,1060055.4459906078,1060055.4459906078,-209356.33343266067,-209356.33343266067,-209356.33343266067,-209356.33343266067,-209356.33343266067,-209356.33343266067,0.0,0.0,0.0,850699.1125579472
2012-01-27,1060424.7782439897,208364.9035699874,1709206.7672035827,1060424.7782439897,1060424.7782439897,-114884.63116541659,-114884.63116541659,-114884.63116541659,-114884.63116541659,-114884.63116541659,-114884.63116541659,0.0,0.0,0.0,945540.1470785731
2012-02-03,1060794.1104973718,352018.4526105256,1775888.9909901987,1060794.1104973718,1060794.1104973718,-8800.426683611633,-8800.426683611633,-8800.426683611633,-8800.426683611633,-8800.426683611633,-8800.426683611633,0.0,0.0,0.0,1051993.68381376
2012-02-10,1061163.4427507538,411554.7857713412,1829327.7259853831,1061163.4427507538,1061163.4427507538,32417.046721500967,32417.046721500967,32417.046721500967,32417.046721500967,32417.046721500967,32417.046721500967,0.0,0.0,0.0,1093580.4894722549
2012-02-17,1061532.7611838253,368544.34404966957,1765908.1102514989,1061532.7611838253,1061532.7611838253,11857.134550876724,11857.134550876724,11857.134550876724,11857.134550876724,11857.134550876724,11857.134550876724,0.0,0.0,0.0,1073389.895734702
2012-02-24,1061902.079616897,354981.30645989534,1746842.331956407,1061902.079616897,1061902.079616897,-20584.83600179924,-20584.83600179924,-20584.83600179924,-20584.83600179924,-20584.83600179924,-20584.83600179924,0.0,0.0,0.0,1041317.2436150978
2012-03-02,1062271.3980499688,336291.1654080526,1692645.9840684254,1062271.3980499688,1062271.3980499688,-33011.2027223635,-33011.2027223635,-33011.2027223635,-33011.2027223635,-33011.2027223635,-33011.2027223635,0.0,0.0,0.0,1029260.1953276052
2012-03-09,1062640.7164830405,325703.57162180333,1767642.958149198,1062640.7164830405,1062640.7164830405,-33497.65673453611,-33497.65673453611,-33497.65673453611,-33497.65673453611,-33497.65673453611,-33497.65673453611,0.0,0.0,0.0,1029143.0597485043
2012-03-16,1063010.0329496902,309100.0959216354,1678395.873177011,1063010.0329496902,1063010.0329496902,-39275.26590751363,-39275.26590751363,-39275.26590751363,-39275.26590751363,-39275.26590751363,-39275.26590751363,0.0,0.0,0.0,1023734.7670421766
2012-03-23,1063379.34941634,329209.9804825598,1751693.7372991196,1063379.34941634,1063379.34941634,-45926.709381726396,-45926.709381726396,-45926.709381726396,-45926.709381726396,-45926.709381726396,-45926.709381726396,0.0,0.0,0.0,1017452.6400346137
2012-03-30,1063748.66588299,319602.68777143443,1769963.7977430862,1063748.66588299,1063748.66588299,-37123.05638128206,-37123.05638128206,-37123.05638128206,-37123.05638128206,-37123.05638128206,-37123.05638128206,0.0,0.0,0.0,1026625.609501708
2012-04-06,1064117.9823496395,320872.74569516536,1676573.9560334734,1064117.9823496395,1064117.9823496395,-14824.40218572823,-14824.40218572823,-14824.40218572823,-14824.40218572823,-14824.40218572823,-14824.40218572823,0.0,0.0,0.0,1049293.5801639112
2012-04-13,1064487.2988162895,352746.69269805565,1779190.661430549,1064487.2988162895,1064487.2988162895,-3483.442052292529,-3483.442052292529,-3483.442052292529,-3483.442052292529,-3483.442052292529,-3483.442052292529,0.0,0.0,0.0,1061003.8567639969
2012-04-20,1064856.6164834807,353668.30447939335,1758528.6224091586,1064856.6164834807,1064856.6164834807,-20115.726688228515,-20115.726688228515,-20115.726688228515,-20115.726688228515,-20115.726688228515,-20115.726688228515,0.0,0.0,0.0,1044740.8897952521
2012-04-27,1065225.9341506716,315989.7615436342,1723776.2071591073,1065225.9341506716,1065225.9341506716,-50006.522342183365,-50006.522342183365,-50006.522342183365,-50006.522342183365,-50006.522342183365,-50006.522342183365,0.0,0.0,0.0,1015219.4118084882
2012-05-04,1065595.2518178627,251114.0227577082,1727384.035793269,1065595.2518178627,1065595.2518178627,-61392.83820207388,-61392.83820207388,-61392.83820207388,-61392.83820207388,-61392.83820207388,-61392.83820207388,0.0,0.0,0.0,1004202.4136157888
2012-05-11,1065964.5694850537,347840.4732680338,1720980.0516245107,1065964.5694850537,1065964.5694850537,-41745.795859576065,-41745.795859576065,-41745.795859576065,-41745.795859576065,-41745.795859576065,-41745.795859576065,0.0,0.0,0.0,1024218.7736254776
2012-05-18,1066333.8871522446,385239.17682334816,1771314.938144865,1066333.8871522446,1066333.8871522446,-10597.669359006348,-10597.669359006348,-10597.669359006348,-10597.669359006348,-10597.669359006348,-10597.669359006348,0.0,0.0,0.0,1055736.2177932381
2012-05-25,1066703.2048194357,371581.5960755503,1804597.9156439127,1066703.2048194357,1066703.2048194357,5630.066835537727,5630.066835537727,5630.066835537727,5630.066835537727,5630.066835537727,5630.066835537727,0.0,0.0,0.0,1072333.2716549735
2012-06-01,1067072.5224866269,345843.6657020421,1778129.9038955972,1067072.5224866269,1067072.5224866269,3639.574637364775,3639.574637364775,3639.574637364775,3639.574637364775,3639.574637364775,3639.574637364775,0.0,0.0,0.0,1070712.0971239917
2012-06-08,1067441.840153818,313660.6914051213,1778010.6824660588,1067441.840153818,1067441.840153818,1408.3406221944115,1408.3406221944115,1408.3406221944115,1408.3406221944115,1408.3406221944115,1408.3406221944115,0.0,0.0,0.0,1068850.1807760124
2012-06-15,1067811.157821009,350581.54255285667,1796962.2732965276,1067811.157821009,1067811.157821009,10495.027049280525,10495.027049280525,10495.027049280525,10495.027049280525,10495.027049280525,10495.027049280525,0.0,0.0,0.0,1078306.1848702894
2012-06-22,1068180.4754881999,397542.7948342289,1781948.4474554504,1068180.4754881999,1068180.4754881999,20417.423976147904,20417.423976147904,20417.423976147904,20417.423976147904,20417.423976147904,20417.423976147904,0.0,0.0,0.0,1088597.8994643479
2012-06-29,1068549.793155391,338948.57062805723,1841920.4266780973,1068549.793155391,1068549.793155391,14126.295826179708,14126.295826179708,14126.295826179708,14126.295826179708,14126.295826179708,14126.295826179708,0.0,0.0,0.0,1082676.0889815707
2012-07-06,1068919.1108225822,350226.3596650593,1766333.2301553409,1068919.1108225822,1068919.1108225822,-8295.67635603767,-8295.67635603767,-8295.67635603767,-8295.67635603767,-8295.67635603767,-8295.67635603767,0.0,0.0,0.0,1060623.4344665445
2012-07-13,1069288.428489773,347023.2799843203,1704507.2038435088,1069288.428489773,1069288.428489773,-29505.60913911788,-29505.60913911788,-29505.60913911788,-29505.60913911788,-29505.60913911788,-29505.60913911788,0.0,0.0,0.0,1039782.8193506552
2012-07-20,1069657.7461569642,334598.72855286504,1718170.68879594,1069657.7461569642,1069657.7461569642,-36562.554799162266,-36562.554799162266,-36562.554799162266,-36562.554799162266,-36562.554799162266,-36562.554799162266,0.0,0.0,0.0,1033095.1913578019
2012-07-27,1070027.0638241551,309967.82868537825,1768909.812374018,1070027.0638241551,1070027.0638241551,-33804.26021163753,-33804.26021163753,-33804.26021163753,-33804.26021163753,-33804.26021163753,-33804.26021163753,0.0,0.0,0.0,1036222.8036125177
2012-08-03,1070396.3814913463,297510.4262499196,1688549.9232491292,1070396.3814913463,1070396.3814913463,-30974.191246367445,-30974.191246367445,-30974.191246367445,-30974.191246367445,-30974.191246367445,-30974.191246367445,0.0,0.0,0.0,1039422.1902449789
2012-08-10,1070765.6991585372,340244.44258078287,1778665.379865381,1070765.6991585372,1070765.6991585372,-26667.473381346048,-26667.473381346048,-26667.473381346048,-26667.473381346048,-26667.473381346048,-26667.473381346048,0.0,0.0,0.0,1044098.2257771911
2012-08-17,1071135.0168257284,374843.22810192924,1772624.6094179526,1071135.0168257284,1071135.0168257284,-13306.975476818303,-13306.975476818303,-13306.975476818303,-13306.975476818303,-13306.975476818303,-13306.975476818303,0.0,0.0,0.0,1057828.04134891
2012-08-24,1071504.3344929195,381301.5164726301,1806030.176643977,1071504.3344929195,1071504.3344929195,3081.2870795966273,3081.2870795966273,3081.2870795966273,3081.2870795966273,3081.2870795966273,3081.2870795966273,0.0,0.0,0.0,1074585.6215725162
2012-08-31,1071873.6521601104,366695.1584692538,1813852.5769739999,1071873.6521601104,1071873.6521601104,285.5841357715603,285.5841357715603,285.5841357715603,285.5841357715603,285.5841357715603,285.5841357715603,0.0,0.0,0.0,1072159.236295882
2012-09-07,1072242.9698273013,319203.52030628,1706894.7859901201,1072242.9698273013,1072242.9698273013,-34483.55867586934,-34483.55867586934,-34483.55867586934,-34483.55867586934,-34483.55867586934,-34483.55867586934,0.0,0.0,0.0,1037759.411151432
2012-09-14,1072612.2874944925,305032.6356534635,1696700.922372038,1072612.2874944925,1072612.2874944925,-81610.23035111962,-81610.23035111962,-81610.23035111962,-81610.23035111962,-81610.23035111962,-81610.23035111962,0.0,0.0,0.0,991002.0571433728
2012-09-21,1072981.6051616836,274210.90170084295,1699295.8655762556,1072981.6051616836,1072981.6051616836,-103503.62048010794,-103503.62048010794,-103503.62048010794,-103503.62048010794,-103503.62048010794,-103503.62048010794,0.0,0.0,0.0,969477.9846815757
2012-09-28,1073350.9228288748,303129.57221581106,1733601.5950970715,1073350.9228288748,1073350.9228288748,-85575.8305929238,-85575.8305929238,-85575.8305929238,-85575.8305929238,-85575.8305929238,-85575.8305929238,0.0,0.0,0.0,987775.092235951
2012-10-05,1073720.2404960657,295344.3790161027,1680046.0228675818,1073720.2404960657,1073720.2404960657,-54473.29129123321,-54473.29129123321,-54473.29129123321,-54473.29129123321,-54473.29129123321,-54473.29129123321,0.0,0.0,0.0,1019246.9492048325
2012-10-12,1074089.5581632566,339802.7259674123,1735536.231456505,1074089.5581632566,1074089.5581632566,-47161.78664581243,-47161.78664581243,-47161.78664581243,-47161.78664581243,-47161.78664581243,-47161.78664581243,0.0,0.0,0.0,1026927.7715174442
2012-10-19,1074458.8758304478,306149.6698619993,1720618.1780388693,1074458.8758304478,1074458.8758304478,-65428.74781357481,-65428.74781357481,-65428.74781357481,-65428.74781357481,-65428.74781357481,-65428.74781357481,0.0,0.0,0.0,1009030.1280168729
2012-10-26,1074828.193497639,267246.1560345715,1726030.7898428736,1074828.193497639,1074828.193497639,-72291.02907297733,-72291.02907297733,-72291.02907297733,-72291.02907297733,-72291.02907297733,-72291.02907297733,0.0,0.0,0.0,1002537.1644246615
2012-11-02,1075197.5111648298,353828.466094553,1786916.4390447123,1075197.5111648298,1075197.5111648298,-36961.64063013263,-36961.64063013263,-36961.64063013263,-36961.64063013263,-36961.64063013263,-36961.64063013263,0.0,0.0,0.0,1038235.8705346972
2012-11-09,1075566.828832021,370375.1606595859,1831559.7476203544,1075556.7582323086,1075572.0698390848,27279.87897881595,27279.87897881595,27279.87897881595,27279.87897881595,27279.87897881595,27279.87897881595,0.0,0.0,0.0,1102846.7078108368
2012-11-16,1075936.1464992121,449904.4708187003,1817229.9857493055,1075908.1500896495,1075960.1325368143,81944.2861358116,81944.2861358116,81944.2861358116,81944.2861358116,81944.2861358116,81944.2861358116,0.0,0.0,0.0,1157880.4326350237
2012-11-23,1076305.464166403,430040.1092824424,1919703.8479247864,1076250.451050979,1076352.724817607,116529.99171414707,116529.99171414707,116529.99171414707,116529.99171414707,116529.99171414707,116529.99171414707,0.0,0.0,0.0,1192835.4558805502
2012-11-30,1076674.781833594,542724.6082910224,1905173.8152523136,1076590.1157740983,1076758.8218838954,164985.3107488216,164985.3107488216,164985.3107488216,164985.3107488216,164985.3107488216,164985.3107488216,0.0,0.0,0.0,1241660.0925824156
2012-12-07,1077044.099500785,588613.4626789663,2025555.1554462765,1076919.414837009,1077158.6616652978,255712.7544887678,255712.7544887678,255712.7544887678,255712.7544887678,255712.7544887678,255712.7544887678,0.0,0.0,0.0,1332756.853989553
2012-12-14,1077413.4171679763,690471.7305983738,2175222.087175662,1077252.574101503,1077581.3324973984,352037.4387105291,352037.4387105291,352037.4387105291,352037.4387105291,352037.4387105291,352037.4387105291,0.0,0.0,0.0,1429450.8558785054
2012-12-21,1077782.7348351672,700258.6974184662,2113741.5666255564,1077570.0286750516,1078005.5110314747,363967.5189819716,363967.5189819716,363967.5189819716,363967.5189819716,363967.5189819716,363967.5189819716,0.0,0.0,0.0,1441750.2538171387
2012-12-28,1078152.052502358,587150.3822772927,2047447.9040097757,1077902.8629746998,1078421.2342720507,234882.85654289156,234882.85654289156,234882.85654289156,234882.85654289156,234882.85654289156,234882.85654289156,0.0,0.0,0.0,1313034.9090452497
2013-01-04,1078521.3701695492,367227.0309075485,1802388.6999405068,1078221.812165108,1078849.5606259326,14096.34037049187,14096.34037049187,14096.34037049187,14096.34037049187,14096.34037049187,14096.34037049187,0.0,0.0,0.0,1092617.710540041
2013-01-11,1078890.6878367404,169877.73333411245,1568626.4380799667,1078548.3421202216,1079272.01484953,-169820.08930928083,-169820.08930928083,-169820.08930928083,-169820.08930928083,-169820.08930928083,-169820.08930928083,0.0,0.0,0.0,909070.5985274595
2013-01-18,1079260.0055039313,152885.16672074556,1594947.409760253,1078857.970743286,1079694.5847334669,-216538.62605198857,-216538.62605198857,-216538.62605198857,-216538.62605198857,-216538.62605198857,-216538.62605198857,0.0,0.0,0.0,862721.3794519427
2013-01-25,1079629.3231711225,254653.0550932076,1628869.1092874925,1079156.0144045143,1080125.186658605,-135778.72189706436,-135778.72189706436,-135778.72189706436,-135778.72189706436,-135778.72189706436,-135778.72189706436,0.0,0.0,0.0,943850.6012740581
2013-02-01,1079998.6408383136,361563.36523075856,1774316.3120735514,1079462.047461623,1080560.0432281243,-24206.505097973204,-24206.505097973204,-24206.505097973204,-24206.505097973204,-24206.505097973204,-24206.505097973204,0.0,0.0,0.0,1055792.1357403405
2013-02-08,1080367.9585055045,438186.9114364352,1788502.795282313,1079776.2446556333,1080988.1030348595,30672.347436765252,30672.347436765252,30672.347436765252,30672.347436765252,30672.347436765252,30672.347436765252,0.0,0.0,0.0,1111040.3059422697
2013-02-15,1080737.2761726954,392068.3014568705,1798433.0294929484,1080076.998774897,1081448.0795870174,17925.652894556053,17925.652894556053,17925.652894556053,17925.652894556053,17925.652894556053,17925.652894556053,0.0,0.0,0.0,1098662.9290672515
2013-02-22,1081106.5938398866,347019.4393369582,1814799.0992328697,1080343.7595767344,1081895.8607337442,-15920.862626679544,-15920.862626679544,-15920.862626679544,-15920.862626679544,-15920.862626679544,-15920.862626679544,0.0,0.0,0.0,1065185.7312132071
2013-03-01,1081475.9115070777,317888.577993262,1769839.6593728755,1080638.37523768,1082339.0179291866,-32277.724717511766,-32277.724717511766,-32277.724717511766,-32277.724717511766,-32277.724717511766,-32277.724717511766,0.0,0.0,0.0,1049198.186789566
2013-03-08,1081845.229174269,292462.59366812673,1785930.2306439274,1080922.5016712276,1082768.385995901,-33318.82309047755,-33318.82309047755,-33318.82309047755,-33318.82309047755,-33318.82309047755,-33318.82309047755,0.0,0.0,0.0,1048526.4060837914
2013-03-15,1082214.5468414596,364124.80705895135,1738762.7285478716,1081237.3361395423,1083218.170142937,-37726.02113666038,-37726.02113666038,-37726.02113666038,-37726.02113666038,-37726.02113666038,-37726.02113666038,0.0,0.0,0.0,1044488.5257047992
2013-03-22,1082583.8645086507,318117.33967356756,1731379.8516189447,1081506.2570809706,1083671.8388856621,-45490.32997430798,-45490.32997430798,-45490.32997430798,-45490.32997430798,-45490.32997430798,-45490.32997430798,0.0,0.0,0.0,1037093.5345343427
2013-03-29,1082953.1821758419,313606.881228683,1753933.0577782667,1081782.6571412506,1084096.218958197,-40130.828102377905,-40130.828102377905,-40130.828102377905,-40130.828102377905,-40130.828102377905,-40130.828102377905,0.0,0.0,0.0,1042822.3540734639
2013-04-05,1083322.499843033,376708.6814431556,1754075.429246557,1082070.3958690267,1084579.5575771453,-18829.56523947599,-18829.56523947599,-18829.56523947599,-18829.56523947599,-18829.56523947599,-18829.56523947599,0.0,0.0,0.0,1064492.934603557
2013-04-12,1083691.817510224,332267.3624778853,1831913.0262146571,1082364.2425424603,1085032.996963714,-3580.5282149633535,-3580.5282149633535,-3580.5282149633535,-3580.5282149633535,-3580.5282149633535,-3580.5282149633535,0.0,0.0,0.0,1080111.2892952606
